,danceability,energy,key,loudness,mode,speechiness,acousticness,instrumentalness,liveness,valence,tempo,time_signature,Genre
0,0.598,0.427,7,-8.764,0,0.0317,0.0546,5.83e-06,0.21,0.0605,76.469,4,Rap
1,0.474,0.631,5,-5.884,0,0.343,0.0687,0.0,0.132,0.425,180.051,4,Rap
2,0.768,0.652,1,-2.708,0,0.307,0.113,0.0,0.107,0.777,154.187,4,Rap
3,0.882,0.602,11,-5.554,1,0.245,0.0177,0.0,0.178,0.43,142.959,4,Rap
4,0.521,0.564,5,-11.255,0,0.297,0.0945,0.0,0.119,0.595,88.705,3,Rap
5,0.687,0.449,2,-10.061,1,0.154,0.109,0.0,0.282,0.229,142.048,4,Rap
6,0.787,0.713,7,-5.252,1,0.401,0.0849,0.0,0.717,0.762,175.041,4,Rap
7,0.848,0.713,7,-5.636,0,0.176,0.158,0.0,0.0765,0.509,111.984,4,Rap
8,0.809,0.545,7,-6.678,1,0.0735,0.392,0.0,0.151,0.244,97.008,4,Rap
9,0.854,0.554,8,-4.684,1,0.172,0.769,1.84e-06,0.0749,0.272,142.069,4,Rap
10,0.741,0.87,6,-3.494,0,0.503,0.00813,0.0,0.114,0.663,184.194,4,Rap
11,0.769,0.787,11,-3.909,1,0.367,0.189,0.0,0.129,0.836,126.77,4,Rap
12,0.919,0.556,4,-6.049,0,0.164,0.0933,0.0,0.109,0.539,130.025,4,Rap
13,0.876,0.733,10,-4.478,0,0.333,0.0208,0.0,0.0999,0.962,154.904,4,Rap
14,0.562,0.502,6,-10.269,0,0.255,0.323,0.0,0.0757,0.322,120.104,1,Rap
15,0.745,0.718,9,-4.853,0,0.183,0.197,0.0,0.134,0.539,151.097,4,Rap
16,0.753,0.652,10,-5.943,0,0.0753,0.444,0.0,0.117,0.745,139.962,4,Rap
17,0.974,0.596,6,-8.888,1,0.184,0.0976,0.0,0.151,0.892,111.959,4,Rap
18,0.512,0.623,9,-6.553,0,0.0808,0.0187,0.0,0.13,0.219,112.15,5,Rap
19,0.63,0.671,6,-6.659,0,0.256,0.363,0.0,0.113,0.333,89.921,4,Rap
20,0.907,0.765,4,-7.043,1,0.426,0.0512,0.0,0.153,0.896,142.992,4,Rap
21,0.802,0.82,10,-5.969,0,0.146,0.0579,0.0,0.149,0.613,164.005,4,Rap
22,0.874,0.714,5,-4.946,1,0.233,0.0273,0.0,0.356,0.85,130.046,4,Rap
23,0.826,0.635,5,-5.181,0,0.212,0.102,0.0,0.245,0.808,119.954,4,Rap
24,0.82,0.697,6,-7.296,0,0.378,0.0349,0.0,0.197,0.629,154.992,4,Rap
25,0.86,0.507,0,-5.776,0,0.369,0.0408,6.15e-06,0.14,0.15,85.005,4,Rap
26,0.786,0.658,0,-2.61,1,0.0661,0.0856,0.0,0.0689,0.458,170.037,4,Rap
27,0.442,0.737,7,-5.046,1,0.109,0.0589,0.0,0.102,0.21,112.93,5,Rap
28,0.657,0.522,10,-7.632,1,0.397,0.156,0.0,0.0811,0.442,179.687,4,Rap
29,0.943,0.664,4,-5.952,0,0.106,0.235,5.84e-06,0.112,0.93,120.051,4,Rap
30,0.602,0.726,5,-4.856,0,0.129,0.382,0.0,0.0691,0.554,90.108,4,Rap
31,0.686,0.609,9,-6.784,0,0.165,0.142,0.0,0.0631,0.737,152.05,4,Rap
32,0.83,0.564,1,-7.822,1,0.235,0.177,0.0,0.128,0.107,85.042,4,Rap
33,0.638,0.539,10,-5.853,1,0.0504,0.22,0.0,0.241,0.247,83.381,4,Rap
34,0.897,0.522,2,-7.578,1,0.374,0.0016,0.0,0.0554,0.623,149.986,4,Rap
35,0.744,0.709,0,-5.359,1,0.101,0.275,0.0,0.126,0.72,89.969,4,Rap
36,0.542,0.674,6,-4.169,1,0.21,0.0588,0.0,0.0955,0.667,76.388,4,Rap
37,0.883,0.635,0,-6.284,0,0.299,0.0307,0.0,0.114,0.542,129.042,4,Rap
38,0.902,0.608,11,-6.238,1,0.27,0.000456,0.0,0.0621,0.836,84.001,4,Rap
39,0.72,0.644,8,-8.099,0,0.341,0.0388,0.0,0.194,0.611,77.673,4,Rap
40,0.849,0.62,4,-5.921,0,0.0589,0.00252,0.000283,0.113,0.481,96.005,4,Rap
41,0.717,0.598,5,-5.613,0,0.0809,0.22,0.0,0.122,0.496,153.905,4,Rap
42,0.568,0.764,5,-3.465,0,0.255,0.217,0.0,0.0931,0.625,179.985,4,Rap
43,0.529,0.9,1,-3.503,1,0.418,0.000248,1.21e-05,0.0426,0.434,180.291,4,Rap
44,0.694,0.744,0,-5.334,0,0.297,0.144,0.0,0.0905,0.425,99.941,4,Rap
45,0.671,0.568,0,-6.48,1,0.421,0.17,0.0,0.139,0.336,113.296,5,Rap
46,0.531,0.607,1,-7.339,1,0.11,0.183,0.0,0.11,0.103,82.586,4,Rap
47,0.938,0.559,10,-6.734,1,0.312,0.0546,0.0,0.157,0.76,119.901,4,Rap
48,0.733,0.389,10,-8.468,0,0.0738,0.0513,0.0,0.141,0.244,157.878,3,Rap
49,0.917,0.494,1,-5.772,1,0.085,0.0393,0.0,0.194,0.341,143.048,4,Rap
56,0.864,0.483,8,-5.147,1,0.363,0.00518,0.0,0.0755,0.428,164.916,4,Rap
61,0.911,0.378,0,-7.822,1,0.411,0.0116,1.53e-06,0.15,0.19,120.044,4,Rap
65,0.704,0.63,1,-5.488,0,0.221,0.00973,0.0,0.115,0.38,154.034,4,Rap
67,0.84,0.583,10,-6.529,0,0.157,0.305,0.0,0.125,0.768,126.02,4,Rap
68,0.932,0.547,0,-7.787,0,0.333,0.0388,0.0,0.0924,0.695,94.998,4,Rap
69,0.791,0.552,5,-8.289,0,0.0451,0.236,0.0,0.137,0.326,99.98,4,Rap
70,0.778,0.474,11,-9.427,0,0.397,0.0577,0.0,0.108,0.483,150.232,4,Rap
71,0.679,0.408,0,-11.837,0,0.175,0.865,0.000851,0.0894,0.844,150.918,4,Rap
73,0.697,0.685,7,-7.005,1,0.0712,0.14,0.0,0.0824,0.808,94.06,4,Rap
74,0.843,0.485,4,-8.993,0,0.218,0.201,0.0,0.187,0.395,95.017,4,Rap
75,0.867,0.504,1,-7.952,0,0.245,0.0271,6.14e-05,0.11,0.605,157.896,4,Rap
76,0.776,0.64,7,-8.058,1,0.183,0.15,0.0,0.0983,0.326,160.038,4,Rap
77,0.812,0.707,8,-5.014,0,0.394,0.0571,0.0,0.102,0.45,179.971,4,Rap
78,0.837,0.495,2,-6.963,1,0.193,0.0509,0.0,0.1,0.503,89.507,4,Rap
79,0.857,0.58,1,-8.32,1,0.213,0.0089,2.16e-05,0.0882,0.527,156.039,4,Rap
80,0.619,0.709,1,-5.694,0,0.408,0.261,0.0,0.0971,0.236,82.34,4,Rap
82,0.927,0.621,9,-7.05,1,0.182,0.0011,8.32e-06,0.405,0.571,140.05,4,Rap
84,0.815,0.638,0,-6.615,1,0.373,0.188,0.0,0.188,0.503,139.981,4,Rap
87,0.805,0.376,7,-10.912,1,0.336,0.546,1.17e-06,0.221,0.421,117.934,4,Rap
88,0.515,0.692,7,-6.969,0,0.326,0.0122,0.0,0.23,0.432,97.46,4,Rap
89,0.835,0.536,2,-7.831,1,0.508,0.341,0.0,0.0887,0.506,160.043,4,Rap
90,0.891,0.828,8,-3.351,1,0.283,0.00963,0.0,0.31,0.702,142.074,4,Rap
91,0.821,0.707,11,-5.138,1,0.169,0.0451,6.07e-05,0.108,0.436,134.979,4,Rap
92,0.885,0.891,10,-3.234,0,0.156,0.185,0.0,0.102,0.879,85.23,4,Rap
93,0.713,0.631,5,-6.934,0,0.242,0.118,0.0,0.495,0.257,140.006,4,Rap
94,0.902,0.472,1,-6.802,1,0.469,0.0153,0.0,0.0539,0.65,140.046,4,Rap
95,0.788,0.559,1,-5.085,0,0.259,0.507,0.0,0.0992,0.143,149.083,4,Rap
96,0.637,0.567,1,-8.14,1,0.427,0.0275,0.0,0.16,0.698,90.557,3,Rap
98,0.849,0.542,8,-6.306,1,0.368,0.525,0.000609,0.569,0.675,92.014,4,Rap
99,0.774,0.669,7,-7.397,0,0.221,0.415,0.0,0.105,0.528,89.954,4,Rap
100,0.635,0.517,1,-7.646,0,0.24,0.608,0.0,0.0918,0.353,154.911,4,Rap
101,0.619,0.695,10,-4.005,0,0.206,0.336,0.0,0.0859,0.361,82.155,4,Rap
102,0.5,0.78,6,-6.824,0,0.354,0.64,0.0,0.134,0.637,92.27,4,Rap
103,0.818,0.636,5,-7.812,0,0.344,0.022,0.0,0.0865,0.651,139.885,4,Rap
104,0.844,0.555,5,-4.933,0,0.121,0.196,9.53e-05,0.105,0.751,152.062,4,Rap
105,0.851,0.673,1,-5.405,1,0.257,0.0452,0.0,0.314,0.776,120.973,4,Rap
106,0.579,0.681,1,-6.458,1,0.0436,0.0423,0.0,0.441,0.25,141.13,4,Rap
107,0.778,0.591,10,-8.835,0,0.174,0.0123,0.0,0.0832,0.609,154.977,4,Rap
108,0.74,0.761,0,-4.753,0,0.0851,0.0691,0.0,0.142,0.453,146.144,4,Rap
109,0.737,0.622,1,-9.268,1,0.315,0.169,0.00746,0.131,0.517,99.063,4,Rap
110,0.671,0.636,0,-6.009,1,0.197,0.259,0.0,0.103,0.457,152.029,4,Rap
111,0.673,0.665,5,-8.106,1,0.3,0.214,0.0,0.0344,0.803,87.977,4,Rap
112,0.868,0.463,8,-5.877,0,0.125,0.23,0.0,0.0784,0.769,157.942,4,Rap
113,0.679,0.853,0,-5.289,0,0.0659,0.195,0.0,0.132,0.767,76.064,4,Rap
114,0.548,0.805,7,-5.732,1,0.351,0.212,0.000389,0.408,0.648,142.094,4,Rap
115,0.678,0.672,0,-5.688,1,0.0302,0.00959,0.0,0.0868,0.625,136.933,4,Rap
116,0.968,0.382,1,-5.981,1,0.284,0.408,2.4e-06,0.103,0.69,121.952,4,Rap
117,0.745,0.704,0,-6.962,1,0.233,0.246,0.0,0.314,0.56,98.042,4,Rap
118,0.798,0.662,11,-5.546,0,0.242,0.0956,0.0,0.0798,0.542,76.969,4,Rap
119,0.873,0.578,2,-6.354,1,0.336,0.0318,0.0,0.102,0.702,100.011,4,Rap
120,0.516,0.611,7,-8.007,1,0.325,0.729,0.0,0.0836,0.3,97.082,4,Rap
121,0.878,0.555,8,-4.702,1,0.506,0.0506,0.0,0.102,0.382,142.077,4,Rap
122,0.956,0.668,1,-5.365,1,0.362,0.00975,0.0,0.113,0.481,127.927,4,Rap
123,0.905,0.453,1,-11.888,1,0.16,0.00132,0.0873,0.112,0.243,147.038,4,Rap
124,0.79,0.773,2,-3.904,1,0.317,0.00553,0.0,0.221,0.394,120.111,5,Rap
125,0.733,0.824,6,-4.341,1,0.289,0.592,0.00042,0.217,0.913,83.812,4,Rap
126,0.637,0.437,4,-13.836,1,0.322,0.163,0.0,0.124,0.486,171.477,3,Rap
127,0.855,0.504,2,-8.941,1,0.315,0.0382,0.0,0.112,0.347,137.015,4,Rap
128,0.688,0.697,9,-6.702,1,0.366,0.496,0.0,0.122,0.743,148.344,4,Rap
129,0.945,0.462,9,-8.81,1,0.387,0.0188,0.0,0.602,0.284,132.018,4,Rap
130,0.72,0.484,1,-5.021,1,0.415,0.0132,0.0299,0.113,0.166,179.957,4,Rap
131,0.898,0.426,1,-11.193,1,0.384,0.0281,0.0,0.121,0.271,139.978,4,Rap
132,0.759,0.607,0,-6.911,0,0.18,0.0734,8.39e-06,0.31,0.766,154.974,4,Rap
133,0.845,0.638,3,-6.466,1,0.394,0.271,0.0,0.0845,0.754,78.494,4,Rap
134,0.678,0.623,1,-5.034,1,0.0828,0.16,0.0,0.151,0.103,160.018,4,Rap
135,0.903,0.539,9,-8.565,1,0.367,0.0889,0.0,0.305,0.758,139.926,4,Rap
136,0.759,0.534,5,-6.669,0,0.0552,0.171,0.0109,0.113,0.0666,149.969,4,Rap
137,0.873,0.591,2,-5.928,1,0.226,0.168,0.0,0.117,0.277,100.515,4,Rap
139,0.863,0.235,1,-15.545,1,0.699,0.0241,0.0,0.123,0.399,150.062,4,Rap
140,0.797,0.881,6,-3.972,0,0.063,0.282,0.0,0.107,0.835,90.037,4,Rap
141,0.823,0.563,8,-5.976,0,0.301,0.471,1.2e-06,0.181,0.4,147.994,4,Rap
142,0.841,0.628,2,-5.229,1,0.237,0.512,0.0,0.119,0.328,121.973,5,Rap
143,0.711,0.584,5,-7.648,1,0.0707,0.421,0.0,0.178,0.722,97.972,4,Rap
144,0.56,0.537,0,-7.099,1,0.383,0.281,0.0,0.144,0.639,79.094,4,Rap
145,0.8,0.718,11,-3.914,0,0.11,0.0631,0.0,0.0746,0.355,138.029,4,Rap
146,0.684,0.683,3,-8.622,0,0.302,0.691,0.0,0.155,0.391,143.065,4,Rap
147,0.804,0.649,4,-6.237,0,0.0804,0.124,0.0,0.102,0.311,134.95,4,Rap
148,0.724,0.647,8,-5.874,1,0.361,0.382,0.0,0.107,0.67,149.949,4,Rap
149,0.911,0.433,1,-14.984,1,0.426,0.0484,0.0,0.0735,0.762,140.045,4,Rap
150,0.631,0.591,7,-5.785,1,0.0277,0.657,0.0,0.11,0.489,97.074,4,Country
151,0.561,0.536,6,-6.227,1,0.0346,0.0951,0.0,0.114,0.378,150.014,4,Country
152,0.498,0.717,7,-6.83,1,0.0392,0.0259,0.0,0.0568,0.551,168.132,4,Country
153,0.574,0.58,7,-6.091,1,0.0278,0.076,0.0,0.12,0.4,149.97,4,Country
154,0.624,0.52,5,-6.779,1,0.0309,0.0285,0.000798,0.112,0.344,104.032,4,Country
155,0.661,0.633,7,-5.986,1,0.0349,0.038,2.82e-06,0.124,0.613,81.984,4,Country
156,0.517,0.813,1,-6.325,1,0.0558,0.0153,0.0,0.106,0.444,83.005,4,Country
157,0.516,0.745,2,-8.352,1,0.0774,0.563,0.0,0.275,0.825,186.004,3,Country
158,0.551,0.821,7,-6.16,1,0.0453,0.0915,4.03e-06,0.155,0.519,75.979,4,Country
159,0.6,0.698,9,-5.86,1,0.0355,0.0724,1.64e-06,0.113,0.57,140.032,4,Country
160,0.428,0.664,0,-5.842,1,0.039,0.28,0.0,0.174,0.623,166.222,4,Country
161,0.463,0.778,9,-3.013,1,0.0489,0.413,0.0,0.16,0.424,175.888,4,Country
162,0.537,0.561,1,-8.09,1,0.0287,0.275,5.78e-05,0.126,0.35,139.939,4,Country
163,0.536,0.97,6,-3.199,1,0.0426,0.000738,0.00163,0.131,0.848,146.062,4,Country
164,0.764,0.555,11,-6.414,1,0.0604,0.275,0.0,0.0824,0.255,111.004,4,Country
165,0.547,0.817,9,-4.255,1,0.0448,0.0986,0.0,0.136,0.592,142.118,4,Country
166,0.643,0.84,9,-3.057,1,0.0965,0.0158,0.0,0.154,0.806,99.988,4,Country
167,0.701,0.5,8,-8.82,1,0.0303,0.46,0.0,0.234,0.409,97.028,4,Country
168,0.462,0.512,9,-5.443,1,0.0334,0.478,0.0,0.0993,0.29,114.014,4,Country
169,0.466,0.672,4,-5.926,1,0.036,0.737,0.0,0.0858,0.334,89.081,4,Country
170,0.519,0.872,2,-3.212,1,0.0616,0.0793,0.0,0.111,0.74,179.965,4,Country
171,0.592,0.749,11,-4.604,1,0.0483,0.0203,0.0,0.122,0.614,160.046,4,Country
172,0.484,0.903,8,-3.9,0,0.0882,0.0649,0.0,0.151,0.716,169.948,4,Country
173,0.441,0.826,6,-4.175,1,0.04,0.0638,0.00162,0.0944,0.577,75.982,4,Country
174,0.54,0.846,8,-3.833,1,0.0417,0.0303,0.0,0.17,0.774,143.983,4,Country
175,0.659,0.623,4,-2.253,1,0.0451,0.0667,0.0,0.582,0.439,88.042,4,Country
176,0.565,0.805,0,-4.457,1,0.0489,0.0808,0.0,0.173,0.869,76.04,4,Country
177,0.44,0.803,5,-6.162,1,0.0512,0.127,0.0,0.128,0.633,79.312,4,Country
178,0.573,0.747,0,-6.46,1,0.0319,0.519,1.13e-06,0.0867,0.645,79.952,4,Country
179,0.593,0.805,5,-4.892,1,0.0346,0.0636,0.0,0.226,0.845,103.955,4,Country
180,0.735,0.846,11,-5.423,1,0.0289,0.0123,2.55e-05,0.121,0.842,125.988,4,Country
181,0.669,0.559,5,-5.003,1,0.0251,0.0805,0.0,0.0703,0.491,95.001,4,Country
182,0.593,0.745,7,-4.37,1,0.0574,0.19,0.0,0.227,0.849,169.951,4,Country
183,0.558,0.737,6,-4.022,1,0.0275,0.0391,0.0,0.0944,0.335,149.956,4,Country
184,0.45,0.81,5,-3.149,1,0.0371,0.000495,0.187,0.265,0.686,169.997,4,Country
185,0.647,0.734,2,-5.334,1,0.0287,0.261,0.0,0.0684,0.346,132.018,4,Country
186,0.654,0.63,10,-4.644,1,0.0259,0.153,0.0,0.111,0.43,89.991,4,Country
187,0.591,0.815,10,-4.725,1,0.0366,0.168,8.68e-06,0.142,0.306,118.024,4,Country
188,0.547,0.743,2,-6.064,1,0.0323,0.235,0.0,0.231,0.647,77.9,4,Country
189,0.641,0.929,2,-5.287,1,0.0709,0.122,0.000632,0.129,0.551,101.991,4,Country
190,0.705,0.363,6,-8.327,1,0.0355,0.667,0.0,0.112,0.482,75.98,4,Country
191,0.612,0.621,7,-5.657,1,0.0734,0.169,0.0,0.137,0.883,185.857,4,Country
192,0.396,0.51,6,-6.274,1,0.0327,0.355,0.0,0.113,0.299,113.994,4,Country
193,0.621,0.791,9,-3.343,1,0.0265,0.0361,0.0,0.143,0.734,95.075,4,Country
194,0.6,0.851,11,-4.645,1,0.0388,0.00566,9.78e-06,0.0891,0.727,98.007,4,Country
195,0.687,0.641,11,-5.814,1,0.03,0.17,0.0,0.111,0.663,120.04,4,Country
196,0.504,0.838,6,-2.703,1,0.0486,0.396,0.0,0.195,0.569,146.065,4,Country
197,0.632,0.872,6,-4.242,1,0.0638,0.14,0.0,0.131,0.339,119.969,4,Country
198,0.58,0.725,0,-5.124,1,0.0273,0.016,0.0,0.107,0.369,93.014,4,Country
199,0.433,0.928,4,-5.117,0,0.0512,0.0135,2.01e-06,0.32,0.552,155.938,4,Country
200,0.602,0.73,0,-4.925,1,0.0314,0.00106,0.000115,0.095,0.923,164.027,4,Country
201,0.612,0.57,11,-6.642,0,0.0347,0.279,0.0,0.0963,0.335,77.004,4,Country
202,0.533,0.907,11,-3.793,1,0.0406,0.0292,0.0,0.386,0.7,150.99,4,Country
203,0.634,0.516,8,-6.05,1,0.0373,0.4,0.0,0.142,0.769,153.831,4,Country
204,0.629,0.464,4,-8.72,1,0.0334,0.75,0.0,0.0853,0.523,156.051,4,Country
205,0.607,0.514,4,-6.631,1,0.0323,0.363,0.0,0.258,0.414,75.978,4,Country
206,0.471,0.897,9,-2.27,1,0.0597,0.193,0.0,0.196,0.719,159.958,4,Country
207,0.464,0.813,10,-6.185,1,0.0416,0.0153,0.0,0.254,0.516,75.975,4,Country
208,0.725,0.437,6,-9.602,1,0.0575,0.593,0.0,0.0842,0.759,83.985,4,Country
209,0.607,0.536,10,-7.306,1,0.0305,0.386,0.0,0.102,0.434,147.986,4,Country
210,0.517,0.652,7,-6.153,1,0.0323,0.325,0.0,0.109,0.333,156.07,4,Country
211,0.506,0.886,11,-3.225,1,0.0655,0.0916,0.0,0.0734,0.595,143.935,4,Country
212,0.632,0.804,7,-6.109,1,0.0503,0.101,0.0,0.17,0.35,92.456,4,Country
213,0.611,0.8,0,-5.61,1,0.0377,0.257,0.0,0.194,0.527,89.974,4,Country
214,0.554,0.743,9,-6.016,1,0.0287,0.0251,0.0,0.359,0.673,72.997,4,Country
215,0.553,0.747,9,-5.432,1,0.0279,0.106,0.0,0.154,0.521,90.012,4,Country
216,0.535,0.777,4,-3.292,1,0.207,0.0187,1.62e-06,0.136,0.664,171.72,4,Country
217,0.348,0.87,4,-5.86,1,0.137,0.171,4.4e-06,0.202,0.763,83.392,4,Country
218,0.588,0.722,6,-4.667,1,0.0289,0.0663,0.0,0.0721,0.243,145.931,4,Country
219,0.434,0.831,8,-4.774,1,0.0453,0.0651,0.0,0.119,0.596,156.034,4,Country
220,0.764,0.587,5,-7.002,0,0.0298,0.0721,6.45e-06,0.094,0.494,89.98,4,Country
221,0.514,0.918,7,-4.306,1,0.0365,0.0409,0.0,0.342,0.64,150.033,4,Country
222,0.439,0.752,8,-4.143,1,0.0375,0.116,0.0,0.133,0.456,166.051,4,Country
223,0.547,0.672,11,-5.023,1,0.0496,0.304,0.0,0.0996,0.283,155.791,4,Country
224,0.638,0.722,9,-6.177,1,0.0332,0.0119,0.00808,0.189,0.469,103.017,4,Country
225,0.601,0.806,7,-4.579,1,0.0345,0.0527,0.0,0.185,0.711,89.87,4,Country
226,0.638,0.634,6,-6.474,1,0.0468,0.214,0.0,0.0866,0.473,92.097,4,Country
227,0.692,0.809,2,-5.935,1,0.0255,0.1,9.77e-05,0.185,0.927,104.023,4,Country
228,0.68,0.741,2,-5.055,1,0.0357,0.347,1.87e-06,0.117,0.635,127.024,4,Country
229,0.485,0.701,8,-3.807,1,0.0288,0.039,0.0,0.0977,0.613,151.948,4,Country
230,0.502,0.792,3,-5.473,0,0.0335,0.304,0.0385,0.143,0.44,155.902,4,Country
231,0.588,0.684,1,-5.154,1,0.0288,0.508,0.0,0.141,0.121,85.997,4,Country
232,0.355,0.48,11,-7.31,1,0.0282,0.679,2.28e-06,0.12,0.137,100.956,3,Country
233,0.575,0.845,10,-3.838,1,0.035,0.0282,0.0,0.0814,0.376,127.997,4,Country
234,0.567,0.913,5,-4.264,0,0.145,0.0621,0.0,0.0866,0.605,77.287,4,Country
235,0.635,0.758,7,-5.772,1,0.0243,0.00643,0.0,0.229,0.322,113.002,4,Country
236,0.705,0.606,7,-7.047,1,0.0243,0.159,0.00149,0.242,0.876,98.001,4,Country
237,0.536,0.65,2,-5.603,1,0.0337,0.282,1.16e-06,0.0876,0.288,147.93,4,Country
238,0.556,0.892,7,-2.841,1,0.0525,0.049,0.00053,0.0943,0.264,101.069,4,Country
239,0.481,0.849,4,-5.131,1,0.0385,0.00167,1.49e-06,0.121,0.723,205.57,4,Country
240,0.5,0.9,2,-3.577,1,0.117,0.205,0.000251,0.694,0.675,162.249,4,Country
241,0.569,0.638,7,-6.557,1,0.0291,0.000547,0.0,0.0848,0.438,144.042,4,Country
242,0.432,0.796,4,-2.952,0,0.049,0.486,0.0,0.355,0.563,183.935,4,Country
243,0.587,0.732,8,-3.851,1,0.0296,0.098,0.0,0.0917,0.453,97.031,4,Country
244,0.564,0.76,6,-5.667,1,0.0277,0.0676,0.0,0.144,0.528,134.015,4,Country
245,0.651,0.466,6,-9.403,1,0.0305,0.541,0.0027,0.116,0.326,86.953,4,Country
246,0.578,0.937,2,-5.685,1,0.0481,0.0294,0.0,0.122,0.479,102.98,4,Country
247,0.532,0.825,9,-5.287,1,0.0468,0.18,0.0,0.296,0.96,169.961,4,Country
248,0.664,0.825,2,-5.714,1,0.029,0.0459,0.0,0.0472,0.801,140.024,4,Country
249,0.709,0.643,5,-7.676,1,0.0274,0.126,0.0,0.256,0.515,119.99,4,Country
250,0.572,0.673,6,-5.565,1,0.042,0.0596,0.0,0.0887,0.573,106.024,4,Country
251,0.591,0.703,10,-6.211,1,0.0256,0.0435,2.34e-06,0.145,0.402,95.993,4,Country
252,0.679,0.728,5,-3.092,0,0.154,0.159,0.0,0.107,0.46,152.001,4,R&B
253,0.464,0.547,7,-8.137,0,0.339,0.0511,0.0,0.155,0.423,67.003,4,R&B
254,0.525,0.637,1,-4.717,1,0.0932,0.0289,0.0,0.0763,0.322,84.72,4,R&B
255,0.664,0.61,7,-6.432,0,0.339,0.145,0.0,0.097,0.472,76.024,4,R&B
256,0.62,0.613,0,-5.83,1,0.0795,0.0607,0.0,0.117,0.483,82.43,4,R&B
257,0.422,0.546,9,-8.155,0,0.249,0.844,0.0,0.108,0.385,74.741,4,R&B
258,0.643,0.751,5,-5.215,0,0.116,0.269,0.0,0.0507,0.735,129.143,4,R&B
259,0.678,0.438,9,-8.847,0,0.0577,0.29,0.0,0.0838,0.501,81.498,4,R&B
260,0.685,0.667,8,-3.837,1,0.0365,0.0564,0.0,0.115,0.643,95.518,4,R&B
261,0.827,0.469,10,-9.141,0,0.341,0.0807,8.12e-06,0.207,0.196,97.028,4,R&B
262,0.725,0.373,6,-6.498,0,0.0395,0.77,0.0,0.111,0.342,80.035,4,R&B
263,0.866,0.53,0,-6.347,0,0.0495,0.517,0.00159,0.0946,0.203,104.952,4,R&B
264,0.703,0.705,6,-3.984,0,0.154,0.153,0.0,0.49,0.708,140.934,4,R&B
265,0.397,0.507,11,-9.026,1,0.0605,0.259,0.0447,0.142,0.363,74.737,4,R&B
266,0.55,0.666,5,-6.089,1,0.0656,0.308,0.00763,0.185,0.423,147.828,4,R&B
267,0.579,0.632,3,-7.732,0,0.0918,0.677,0.0,0.0892,0.76,120.258,3,R&B
268,0.784,0.49,2,-5.554,1,0.262,0.646,0.00681,0.241,0.674,135.96,4,R&B
269,0.519,0.511,8,-10.622,1,0.0488,0.137,0.0,0.152,0.391,135.9,4,R&B
270,0.766,0.644,3,-5.754,0,0.0909,0.0186,0.00539,0.0909,0.491,105.984,4,R&B
272,0.726,0.408,11,-6.606,0,0.0614,0.603,0.0,0.225,0.459,115.918,4,R&B
273,0.675,0.701,8,-5.887,0,0.11,0.374,0.0,0.109,0.639,113.042,4,R&B
274,0.487,0.439,0,-11.316,1,0.392,0.742,0.0,0.091,0.369,91.582,4,R&B
275,0.495,0.719,4,-6.84,0,0.131,0.133,0.0,0.152,0.323,94.782,4,R&B
276,0.73,0.38,11,-8.558,0,0.0988,0.0319,4.93e-05,0.12,0.323,114.973,4,R&B
277,0.705,0.433,4,-9.706,1,0.204,0.388,0.134,0.0841,0.602,168.006,4,R&B
278,0.901,0.4,0,-8.575,1,0.126,0.051,0.0,0.0599,0.346,135.984,4,R&B
279,0.743,0.31,2,-10.016,1,0.0554,0.036,0.0251,0.183,0.171,95.993,4,R&B
280,0.911,0.525,8,-7.02,1,0.172,0.0741,0.0,0.311,0.768,102.03,3,R&B
281,0.502,0.514,1,-6.271,0,0.301,0.75,0.0,0.145,0.49,77.262,4,R&B
282,0.586,0.808,9,-5.061,0,0.0447,0.203,0.0,0.13,0.455,95.979,4,R&B
283,0.757,0.737,4,-6.728,0,0.114,0.311,0.0,0.113,0.635,98.057,4,R&B
284,0.52,0.644,7,-7.09,0,0.0783,0.129,0.000235,0.107,0.6,103.646,4,R&B
285,0.589,0.652,10,-7.498,1,0.373,0.704,0.00055,0.125,0.486,158.49,4,R&B
286,0.597,0.633,0,-5.828,1,0.0791,0.166,0.0,0.0768,0.615,87.976,4,R&B
287,0.784,0.416,7,-9.231,1,0.102,0.0546,2.16e-05,0.112,0.259,147.994,4,R&B
288,0.517,0.747,6,-4.74,0,0.296,0.0189,7.35e-06,0.0821,0.506,102.033,4,R&B
289,0.623,0.585,0,-7.895,1,0.124,0.0628,0.000155,0.119,0.538,158.273,4,R&B
290,0.657,0.455,5,-10.586,1,0.0667,0.586,1.87e-05,0.18,0.488,129.943,4,R&B
291,0.625,0.561,5,-6.653,0,0.0644,0.019,0.0,0.31,0.243,126.088,4,R&B
292,0.541,0.55,5,-8.051,0,0.0949,0.189,0.000728,0.11,0.253,155.767,4,R&B
293,0.61,0.65,7,-7.092,1,0.0353,0.256,1.51e-05,0.431,0.586,79.957,4,R&B
294,0.598,0.412,11,-9.838,1,0.14,0.815,0.000352,0.114,0.431,146.039,4,R&B
295,0.734,0.511,0,-4.905,0,0.0592,0.148,0.0,0.29,0.727,124.995,4,R&B
296,0.389,0.666,10,-7.019,0,0.44,0.332,0.0,0.0842,0.378,90.067,4,R&B
297,0.754,0.359,3,-7.732,1,0.0635,0.104,4.71e-05,0.22,0.468,113.97,4,R&B
298,0.753,0.353,6,-10.935,0,0.0428,0.0678,0.000587,0.0917,0.237,132.0,4,R&B
300,0.74,0.465,7,-8.27,0,0.0411,0.304,0.00404,0.101,0.276,116.741,4,R&B
301,0.679,0.579,0,-7.03,0,0.327,0.15,0.0,0.0953,0.482,76.348,4,R&B
302,0.84,0.63,0,-7.147,1,0.359,0.161,0.0,0.0641,0.656,76.059,4,R&B
305,0.462,0.536,1,-10.335,0,0.352,0.541,0.0,0.108,0.502,96.086,4,R&B
308,0.725,0.571,9,-6.379,0,0.0762,0.0555,0.0,0.229,0.324,134.943,4,R&B
311,0.623,0.582,5,-8.627,0,0.0493,0.00358,0.0,0.144,0.265,143.809,4,R&B
312,0.673,0.744,1,-6.077,1,0.0384,0.000896,1.71e-05,0.0667,0.82,75.238,4,R&B
313,0.685,0.481,0,-7.844,0,0.0444,0.826,1.63e-05,0.101,0.49,127.832,4,R&B
314,0.704,0.524,6,-9.266,0,0.0704,0.202,0.00138,0.104,0.549,91.437,4,R&B
315,0.719,0.62,6,-5.743,0,0.102,0.0351,0.0,0.258,0.104,129.931,4,R&B
316,0.838,0.536,2,-6.288,1,0.0435,0.072,0.000259,0.208,0.89,119.956,4,R&B
318,0.39,0.472,10,-6.154,1,0.0357,0.0388,0.0,0.111,0.163,119.548,4,R&B
319,0.686,0.699,1,-4.854,0,0.0468,0.191,0.000301,0.272,0.682,77.019,4,R&B
320,0.799,0.301,7,-11.361,1,0.185,0.195,0.0,0.0816,0.511,100.026,4,R&B
321,0.266,0.483,6,-4.686,0,0.0316,0.703,0.0,0.118,0.478,195.934,3,R&B
322,0.712,0.473,6,-4.413,0,0.0693,0.057,0.0,0.182,0.327,86.965,4,R&B
323,0.778,0.691,9,-6.098,1,0.351,0.648,1.94e-05,0.124,0.41,123.905,4,R&B
324,0.323,0.358,10,-9.939,1,0.0484,0.698,0.0,0.109,0.146,174.149,3,R&B
325,0.511,0.556,0,-6.429,0,0.052,0.0712,0.0,0.0408,0.404,92.393,4,R&B
326,0.822,0.521,1,-6.347,0,0.102,0.0778,0.000102,0.0945,0.22,76.013,4,R&B
327,0.623,0.761,0,-6.084,1,0.0312,0.0223,0.000246,0.39,0.456,99.055,4,R&B
328,0.674,0.415,9,-7.403,0,0.0709,0.3,0.0,0.0981,0.632,73.965,4,R&B
330,0.38,0.624,3,-7.346,0,0.0914,0.374,0.000443,0.173,0.364,87.654,4,R&B
332,0.58,0.528,4,-6.012,0,0.299,0.476,0.0,0.108,0.373,77.214,4,R&B
333,0.877,0.435,4,-6.736,1,0.18,0.336,1.61e-06,0.068,0.692,94.979,4,R&B
334,0.604,0.328,11,-9.478,1,0.212,0.32,5.44e-05,0.118,0.338,68.718,4,R&B
335,0.826,0.502,9,-7.327,0,0.0705,0.177,0.0,0.0774,0.924,136.609,4,R&B
336,0.535,0.524,6,-7.525,0,0.0367,0.184,9.73e-05,0.119,0.231,88.001,4,R&B
338,0.761,0.697,5,-6.164,1,0.0568,0.186,0.0,0.126,0.197,106.051,4,R&B
339,0.629,0.591,6,-8.817,1,0.186,0.0421,0.0,0.114,0.359,115.932,4,R&B
340,0.859,0.662,10,-6.099,0,0.0682,0.386,1.22e-06,0.0905,0.904,97.968,4,R&B
341,0.644,0.397,11,-10.77,0,0.212,0.316,0.0,0.203,0.427,81.511,4,R&B
342,0.479,0.565,11,-8.237,1,0.427,0.0191,0.0,0.288,0.378,75.085,5,R&B
343,0.625,0.576,8,-5.812,1,0.036,0.217,2.85e-06,0.0897,0.297,121.915,4,EDM
344,0.713,0.651,4,-7.731,0,0.042,0.106,0.0547,0.122,0.203,107.011,4,EDM
345,0.506,0.577,8,-10.921,1,0.0478,0.0384,0.00234,0.165,0.516,102.005,4,EDM
346,0.815,0.541,1,-9.379,0,0.198,0.039,0.00327,0.255,0.271,103.933,4,EDM
347,0.445,0.563,0,-6.525,1,0.0429,0.291,0.0,0.171,0.148,84.984,4,EDM
348,0.73,0.474,5,-9.192,0,0.039,0.714,0.025,0.123,0.249,151.055,4,EDM
349,0.651,0.806,8,-3.458,1,0.0532,0.0235,0.256,0.104,0.21,121.054,4,EDM
350,0.485,0.787,5,-5.16,1,0.19,0.0265,0.000116,0.107,0.33,103.004,4,EDM
351,0.51,0.822,2,-4.399,1,0.0404,0.0206,0.00181,0.0766,0.241,79.932,4,EDM
352,0.703,0.677,9,-10.329,0,0.0697,0.191,0.406,0.0897,0.484,121.998,4,EDM
353,0.442,0.431,0,-9.007,0,0.0382,0.0102,0.000202,0.118,0.0707,109.128,4,EDM
354,0.629,0.622,11,-9.622,0,0.314,0.569,1.37e-06,0.277,0.653,93.284,4,EDM
355,0.715,0.444,0,-8.363,0,0.0546,0.819,0.646,0.336,0.259,94.972,4,EDM
356,0.772,0.466,0,-9.075,1,0.0366,0.61,3.23e-05,0.0854,0.282,120.01,4,EDM
357,0.667,0.884,11,-6.304,0,0.0498,0.12,0.234,0.1,0.189,125.023,4,EDM
358,0.296,0.574,8,-6.829,0,0.038,0.0259,1.6e-05,0.107,0.119,131.567,4,EDM
359,0.797,0.764,5,-5.94,0,0.0389,0.097,0.000333,0.138,0.302,109.996,4,EDM
360,0.756,0.547,9,-10.033,1,0.0413,0.272,0.00742,0.113,0.234,121.995,4,EDM
361,0.73,0.503,10,-7.348,1,0.048,0.0654,4.66e-05,0.318,0.238,87.012,4,EDM
362,0.611,0.571,2,-9.441,1,0.0317,0.0195,0.815,0.0988,0.039,123.0,4,EDM
363,0.715,0.485,5,-8.034,1,0.0304,0.128,0.0175,0.116,0.207,116.985,4,EDM
364,0.769,0.363,6,-10.423,0,0.317,0.19,0.0115,0.653,0.764,84.979,4,EDM
365,0.767,0.605,6,-5.737,0,0.188,0.559,0.000363,0.193,0.657,107.042,4,EDM
366,0.611,0.44,8,-9.845,0,0.0503,0.109,0.0139,0.0998,0.0559,144.008,4,EDM
367,0.566,0.369,1,-11.801,1,0.0321,0.111,0.529,0.0968,0.0979,143.972,4,EDM
368,0.855,0.668,4,-8.843,0,0.0691,0.446,0.00309,0.138,0.684,119.987,4,EDM
369,0.339,0.405,8,-9.59,1,0.192,0.592,0.0,0.125,0.0504,179.751,4,EDM
370,0.882,0.391,0,-12.351,1,0.0444,0.613,0.131,0.108,0.26,120.002,4,EDM
371,0.532,0.772,0,-7.644,1,0.0316,0.439,0.933,0.142,0.078,121.995,4,EDM
372,0.537,0.347,4,-10.245,1,0.0303,0.444,0.00343,0.111,0.0968,110.011,4,EDM
373,0.72,0.883,5,-6.342,0,0.034,0.169,0.361,0.0752,0.846,119.944,4,EDM
374,0.657,0.584,7,-10.553,1,0.173,0.141,0.915,0.106,0.209,121.993,4,EDM
375,0.71,0.436,7,-9.241,1,0.0769,0.107,0.000391,0.118,0.2,113.993,4,EDM
376,0.57,0.786,3,-3.85,1,0.0379,0.251,0.000415,0.279,0.179,111.028,4,EDM
377,0.648,0.329,7,-9.92,0,0.0333,0.262,0.75,0.352,0.138,129.994,4,EDM
378,0.729,0.47,7,-10.516,0,0.127,0.175,0.000837,0.179,0.445,99.987,4,EDM
379,0.779,0.596,6,-9.036,1,0.0526,0.108,0.844,0.103,0.245,122.999,4,EDM
380,0.616,0.833,3,-8.001,1,0.0502,0.253,0.252,0.112,0.455,125.417,3,EDM
381,0.776,0.473,11,-9.324,1,0.174,0.416,0.572,0.0994,0.31,130.031,4,EDM
382,0.525,0.499,11,-8.698,1,0.0549,0.353,4.72e-06,0.516,0.271,149.916,4,EDM
383,0.408,0.577,2,-10.776,1,0.263,0.0656,0.00696,0.102,0.0665,108.06,4,EDM
384,0.714,0.677,9,-9.046,1,0.0528,0.186,0.875,0.364,0.0346,105.032,4,EDM
385,0.649,0.633,11,-7.79,0,0.0355,0.137,0.0832,0.0736,0.559,125.015,4,EDM
386,0.705,0.493,10,-9.456,0,0.0632,0.0157,0.556,0.101,0.348,219.991,5,EDM
387,0.638,0.459,10,-13.676,1,0.0263,0.191,0.0207,0.125,0.261,105.02,4,EDM
388,0.532,0.749,4,-6.799,0,0.0372,0.0488,0.0537,0.0546,0.339,164.954,4,EDM
389,0.606,0.657,6,-12.196,1,0.0455,0.0518,0.839,0.138,0.324,119.954,4,EDM
390,0.71,0.634,6,-8.168,1,0.0406,0.00782,0.00313,0.307,0.124,124.028,4,EDM
391,0.754,0.763,8,-5.831,1,0.09,0.103,0.0,0.0587,0.602,105.062,4,EDM
392,0.516,0.374,7,-11.308,0,0.127,0.678,0.00159,0.0857,0.175,75.367,4,EDM
393,0.619,0.803,0,-6.431,0,0.0353,0.169,0.34,0.0864,0.272,126.014,4,EDM
394,0.766,0.572,10,-10.182,0,0.0433,0.0202,0.015,0.0554,0.231,119.952,4,EDM
395,0.334,0.45,11,-9.94,1,0.044,0.862,0.898,0.119,0.0388,171.929,4,EDM
396,0.588,0.788,0,-9.026,0,0.0411,0.00253,0.118,0.121,0.109,104.987,4,EDM
397,0.698,0.681,1,-9.734,0,0.0423,0.404,0.838,0.205,0.527,128.007,4,EDM
398,0.69,0.608,9,-8.006,0,0.0311,0.00529,0.00473,0.193,0.33,102.984,4,EDM
399,0.516,0.888,8,-10.282,1,0.0328,0.182,0.766,0.0983,0.0394,124.989,4,EDM
400,0.543,0.814,9,-4.592,0,0.159,0.457,0.0643,0.174,0.395,106.023,4,EDM
401,0.681,0.705,10,-7.866,1,0.0344,0.148,0.772,0.12,0.0395,118.016,3,EDM
402,0.558,0.809,9,-7.441,0,0.0363,0.0963,0.86,0.149,0.0773,120.999,4,EDM
403,0.731,0.802,5,-4.763,1,0.0623,0.022,0.0,0.059,0.434,121.991,4,EDM
404,0.706,0.886,11,-4.945,1,0.0447,0.0444,3.51e-05,0.269,0.554,119.992,4,EDM
405,0.667,0.824,7,-4.682,1,0.0396,0.0668,4.91e-06,0.131,0.59,117.019,4,EDM
406,0.632,0.574,4,-8.584,1,0.053,0.0942,0.0,0.215,0.557,125.989,4,EDM
407,0.683,0.785,7,-4.879,1,0.037,0.0643,1.34e-05,0.177,0.581,122.997,4,EDM
408,0.693,0.678,8,-7.159,1,0.0324,0.0154,6.05e-06,0.101,0.404,103.952,4,EDM
409,0.745,0.929,6,-3.191,1,0.153,0.118,0.000496,0.609,0.302,125.036,4,EDM
410,0.554,0.864,2,-4.403,1,0.0889,0.00166,0.0,0.119,0.305,126.975,4,EDM
411,0.619,0.893,3,-3.435,1,0.0814,0.104,0.00603,0.132,0.695,126.023,4,EDM
412,0.658,0.804,0,-5.735,1,0.0377,0.00463,0.0,0.178,0.508,120.047,4,EDM
413,0.693,0.575,9,-6.998,1,0.0801,0.374,0.0,0.252,0.492,117.999,4,EDM
414,0.643,0.925,0,-5.642,0,0.0377,0.0488,2.82e-05,0.159,0.616,121.969,4,EDM
415,0.642,0.883,9,-4.607,0,0.0413,0.00228,0.00078,0.102,0.317,125.07,4,EDM
416,0.6,0.888,8,-4.612,1,0.13,0.00166,0.0,0.4,0.641,126.056,4,EDM
417,0.63,0.907,8,-3.598,1,0.0615,0.000913,0.000474,0.119,0.547,124.019,4,EDM
418,0.69,0.757,0,-5.16,0,0.244,0.533,0.0,0.202,0.581,124.273,4,EDM
419,0.624,0.758,8,-6.039,1,0.0413,0.153,1.61e-05,0.104,0.413,122.019,4,EDM
420,0.487,0.846,2,-4.016,1,0.0555,0.225,0.355,0.41,0.367,122.978,4,EDM
421,0.664,0.855,0,-4.462,1,0.0983,0.216,0.0,0.0868,0.716,125.025,4,EDM
422,0.707,0.806,6,-4.777,1,0.175,0.00908,0.0,0.366,0.634,119.972,4,EDM
423,0.675,0.919,8,-5.385,1,0.127,0.0799,0.0,0.143,0.585,124.982,4,EDM
424,0.596,0.907,6,-5.447,1,0.0477,0.0589,3.08e-06,0.295,0.263,123.987,4,EDM
425,0.619,0.71,4,-3.058,1,0.0403,0.136,0.0,0.151,0.359,124.106,4,EDM
426,0.534,0.956,7,-2.801,1,0.0427,0.00425,0.0118,0.722,0.625,123.964,4,EDM
427,0.597,0.832,5,-3.865,1,0.0782,0.114,1.16e-06,0.7,0.374,126.069,4,EDM
428,0.632,0.958,8,-6.081,1,0.0365,0.132,0.906,0.138,0.365,126.013,4,EDM
429,0.548,0.905,7,-5.574,1,0.052,0.000698,0.000528,0.361,0.497,127.988,4,EDM
430,0.641,0.938,5,-4.129,1,0.0564,0.0831,0.057,0.388,0.381,123.008,4,EDM
431,0.633,0.842,0,-4.261,1,0.0566,0.0101,0.00167,0.166,0.287,124.008,4,EDM
432,0.65,0.819,4,-3.811,1,0.0551,0.117,0.0,0.0772,0.351,128.09,4,EDM
433,0.534,0.765,1,-3.151,1,0.0338,0.0915,0.00107,0.225,0.117,127.978,4,EDM
434,0.593,0.553,10,-6.001,1,0.0376,0.0626,2.18e-06,0.18,0.271,125.049,4,EDM
435,0.72,0.803,5,-4.74,0,0.0388,0.307,2.22e-05,0.157,0.747,124.08,4,EDM
436,0.65,0.632,0,-6.412,1,0.189,0.187,0.0,0.738,0.539,127.99,4,EDM
437,0.672,0.808,8,-5.541,1,0.0407,0.0494,0.0,0.385,0.334,119.935,4,EDM
438,0.686,0.778,0,-10.392,1,0.0468,0.054,0.925,0.0671,0.039,124.005,4,EDM
439,0.376,0.922,9,-3.516,1,0.195,0.00368,1.3e-05,0.359,0.454,123.62,4,EDM
440,0.656,0.74,9,-5.882,1,0.0443,0.0215,2.04e-06,0.534,0.473,124.97,4,EDM
441,0.662,0.802,0,-6.157,0,0.0397,0.00774,0.822,0.068,0.283,128.004,4,EDM
442,0.581,0.92,0,-6.733,1,0.0383,0.0145,0.453,0.116,0.528,128.067,4,EDM
443,0.502,0.837,5,-5.286,0,0.0494,0.01,0.0118,0.196,0.0551,126.003,4,EDM
444,0.649,0.846,11,-3.468,0,0.0746,0.137,0.0,0.408,0.638,118.004,4,EDM
445,0.631,0.722,1,-3.031,1,0.0324,0.311,0.0,0.153,0.443,105.045,3,EDM
446,0.595,0.937,7,-5.618,0,0.0497,0.000821,0.69,0.0662,0.394,124.969,4,EDM
447,0.497,0.812,1,-7.266,0,0.0286,0.0019,0.101,0.14,0.611,124.959,4,EDM
448,0.732,0.909,10,-4.572,1,0.0547,0.0745,0.00254,0.26,0.407,123.94,4,EDM
449,0.754,0.908,8,-3.346,1,0.0648,0.00338,0.0,0.0804,0.695,124.999,4,EDM
450,0.684,0.83,8,-6.827,1,0.041,0.00806,0.0,0.326,0.251,125.915,4,EDM
451,0.531,0.863,8,-4.082,1,0.114,0.121,0.0,0.123,0.584,120.055,4,EDM
452,0.472,0.881,6,-6.182,1,0.0491,0.0081,0.111,0.366,0.24,127.014,4,EDM
453,0.622,0.859,5,-7.626,1,0.0636,0.000609,0.746,0.0909,0.442,121.968,4,EDM
454,0.634,0.95,7,-3.59,0,0.0728,0.0566,1.98e-05,0.787,0.653,123.995,4,EDM
455,0.532,0.883,11,-4.31,0,0.0729,0.0306,0.156,0.393,0.516,123.99,4,EDM
456,0.535,0.878,2,-4.103,1,0.05,0.109,2.18e-05,0.389,0.515,118.022,4,EDM
457,0.788,0.793,7,-3.568,1,0.0336,0.23,0.237,0.106,0.752,124.039,4,EDM
458,0.662,0.711,5,-5.171,0,0.226,0.0495,0.0,0.0691,0.557,114.914,4,EDM
460,0.728,0.886,5,-5.172,1,0.0527,0.062,0.00168,0.107,0.386,124.976,4,EDM
461,0.619,0.852,1,-7.096,1,0.0341,0.00681,0.021,0.108,0.209,121.985,4,EDM
462,0.699,0.913,6,-2.639,0,0.0485,0.0451,0.434,0.955,0.202,126.035,4,EDM
463,0.555,0.963,0,-2.495,0,0.0479,0.0163,1.94e-05,0.317,0.511,123.022,4,EDM
464,0.54,0.946,5,-5.581,1,0.0365,0.000844,0.607,0.255,0.342,128.008,4,EDM
465,0.748,0.903,3,-5.877,0,0.0385,0.0324,0.0,0.106,0.751,115.018,4,EDM
466,0.716,0.979,5,-1.932,1,0.171,0.38,0.000121,0.357,0.576,123.984,4,EDM
467,0.53,0.731,8,-5.299,1,0.0453,0.0713,2.59e-06,0.109,0.385,123.943,4,EDM
468,0.507,0.883,11,-2.68,1,0.0364,0.0493,0.161,0.169,0.286,130.002,4,EDM
469,0.567,0.946,5,-2.245,0,0.0541,0.0978,1.37e-06,0.0836,0.295,104.983,4,EDM
470,0.66,0.949,1,-5.149,1,0.0469,0.00325,0.762,0.358,0.0598,128.011,4,EDM
471,0.63,0.919,8,-5.588,1,0.0451,0.0267,5.69e-05,0.276,0.764,122.005,4,EDM
472,0.554,0.83,8,-5.82,1,0.0358,0.000376,0.851,0.363,0.331,122.99,4,EDM
473,0.684,0.912,8,-3.95,1,0.0296,0.00413,7.78e-06,0.0462,0.487,124.041,4,EDM
474,0.801,0.854,5,-4.377,0,0.0442,0.00364,0.00325,0.155,0.899,122.033,4,EDM
475,0.495,0.841,0,-7.857,0,0.0317,0.0108,0.00731,0.181,0.362,123.003,4,EDM
476,0.58,0.915,7,-5.278,1,0.0397,0.000892,0.0232,0.209,0.0398,133.004,4,EDM
477,0.856,0.992,0,-1.762,1,0.229,0.0275,0.391,0.464,0.373,122.96,4,EDM
478,0.579,0.847,5,-5.289,1,0.0658,0.0185,0.0,0.395,0.695,125.956,4,EDM
480,0.53,0.789,9,-5.546,1,0.0431,0.033,0.119,0.272,0.0654,110.086,4,EDM
481,0.679,0.825,0,-3.759,0,0.044,0.0665,0.0,0.128,0.466,119.946,4,EDM
482,0.73,0.809,11,-8.956,0,0.0368,0.000312,0.879,0.0934,0.835,117.99,4,EDM
483,0.471,0.891,2,-3.047,1,0.0632,0.0264,2.97e-06,0.149,0.309,174.012,4,EDM
484,0.647,0.973,11,-3.642,0,0.0494,0.023,3.2e-06,0.732,0.595,116.962,4,EDM
485,0.568,0.888,9,-5.417,1,0.0333,0.00723,0.0,0.304,0.569,127.994,4,EDM
486,0.6,0.871,0,-4.527,1,0.0492,0.35,0.0,0.0584,0.511,113.967,4,EDM
487,0.328,0.824,0,-4.19,1,0.0547,0.0249,0.0654,0.105,0.194,165.363,4,EDM
488,0.608,0.939,0,-4.858,1,0.169,0.0194,1.63e-05,0.411,0.276,124.959,4,EDM
489,0.541,0.931,2,-5.664,1,0.067,0.000461,0.578,0.335,0.295,126.016,4,EDM
490,0.643,0.872,0,-2.635,1,0.0511,0.000822,0.0,0.311,0.483,122.0,4,EDM
491,0.759,0.817,11,-6.544,0,0.0431,0.0126,0.0,0.269,0.608,125.054,4,EDM
492,0.744,0.988,1,-2.812,0,0.0548,0.0151,0.00094,0.17,0.816,124.943,4,EDM
493,0.797,0.827,5,-5.607,1,0.0418,0.0334,0.101,0.288,0.68,121.979,4,EDM
494,0.484,0.92,8,-3.676,1,0.0333,0.0328,0.717,0.196,0.519,127.991,4,EDM
495,0.641,0.718,5,-6.232,0,0.0304,0.015,0.000639,0.304,0.628,127.006,4,EDM
496,0.71,0.915,2,-2.804,1,0.0974,0.00055,0.000836,0.338,0.532,125.063,4,EDM
497,0.693,0.966,9,-3.517,1,0.0489,0.00506,0.18,0.301,0.345,125.033,4,EDM
498,0.7,0.885,0,-1.72,0,0.0301,0.000315,0.913,0.285,0.342,126.083,4,EDM
499,0.599,0.858,1,-6.098,1,0.151,0.0131,0.0252,0.37,0.226,128.008,4,EDM
500,0.523,0.718,0,-9.754,1,0.032,0.689,0.939,0.0733,0.151,121.984,4,EDM
501,0.552,0.821,5,-4.241,1,0.026,0.036,0.0851,0.0618,0.401,126.954,4,EDM
502,0.569,0.892,1,-4.531,1,0.0391,0.217,7.93e-06,0.198,0.235,149.954,4,EDM
503,0.837,0.462,0,-7.89,1,0.0601,0.0339,0.0,0.09,0.762,139.986,4,R&B
504,0.671,0.314,5,-8.091,0,0.244,0.11,0.0,0.0825,0.296,110.898,4,R&B
505,0.611,0.468,10,-11.084,0,0.179,0.0781,0.0,0.101,0.349,92.092,4,R&B
506,0.765,0.356,11,-5.556,0,0.196,0.222,0.0,0.0963,0.19,97.001,4,R&B
507,0.736,0.449,1,-11.462,0,0.425,0.33,0.000162,0.0898,0.326,80.126,4,R&B
508,0.397,0.843,10,-3.726,0,0.0987,0.158,0.0,0.0844,0.22,81.201,4,R&B
509,0.558,0.521,11,-10.125,0,0.0551,0.0874,2.99e-06,0.21,0.287,107.299,4,R&B
510,0.656,0.432,6,-9.481,0,0.217,0.443,0.0,0.132,0.0897,97.022,4,R&B
511,0.618,0.552,8,-6.863,1,0.0981,0.176,0.0,0.252,0.586,81.975,4,R&B
512,0.528,0.523,7,-4.82,1,0.0523,0.833,1.53e-06,0.103,0.692,93.06,4,R&B
513,0.649,0.414,6,-7.89,1,0.0259,0.443,0.00913,0.157,0.376,85.957,4,R&B
514,0.532,0.473,7,-5.934,1,0.0438,0.0756,7.83e-06,0.111,0.167,100.168,4,R&B
515,0.775,0.537,0,-6.978,1,0.141,0.326,0.0,0.0792,0.403,73.484,4,R&B
516,0.616,0.409,1,-8.427,1,0.298,0.383,0.0,0.14,0.453,77.608,4,R&B
517,0.83,0.577,4,-5.156,0,0.256,0.0178,8.15e-05,0.0436,0.63,92.973,4,R&B
518,0.747,0.57,1,-6.711,1,0.081,0.0642,0.0,0.0832,0.65,133.992,4,R&B
519,0.674,0.506,6,-10.532,1,0.0434,0.173,0.0,0.0866,0.183,145.965,4,R&B
520,0.586,0.525,1,-7.163,0,0.0615,0.111,0.0,0.134,0.508,133.629,4,R&B
521,0.705,0.628,5,-5.362,0,0.0489,0.0287,0.0193,0.0863,0.465,96.799,4,R&B
522,0.801,0.501,0,-6.364,1,0.269,0.188,0.0,0.0211,0.902,140.077,4,R&B
523,0.415,0.313,1,-12.945,0,0.0561,0.255,1.4e-05,0.117,0.0875,84.953,4,R&B
524,0.721,0.339,0,-11.195,1,0.0532,0.409,0.00153,0.0973,0.2,129.83,4,R&B
525,0.724,0.705,2,-5.859,0,0.112,0.067,0.0,0.262,0.662,146.589,4,R&B
526,0.676,0.56,4,-6.024,0,0.0643,0.0112,0.00403,0.137,0.551,178.555,4,R&B
527,0.827,0.553,1,-5.296,1,0.032,0.0227,1.52e-05,0.176,0.0631,110.015,4,R&B
528,0.795,0.594,0,-6.2,1,0.0747,0.111,0.0,0.162,0.409,135.002,4,R&B
529,0.512,0.512,4,-6.008,0,0.285,0.654,0.0,0.148,0.434,95.11,1,R&B
530,0.614,0.719,9,-4.694,1,0.0955,0.179,1.72e-05,0.163,0.34,160.075,4,R&B
531,0.744,0.549,9,-6.041,0,0.0387,0.548,0.0,0.137,0.277,110.004,4,R&B
532,0.853,0.56,1,-4.961,1,0.0406,0.013,0.0,0.0944,0.86,134.066,4,R&B
533,0.661,0.678,1,-3.8,1,0.26,0.756,0.0,0.0997,0.512,128.823,4,R&B
534,0.652,0.678,2,-6.183,1,0.0541,0.183,3.26e-05,0.106,0.28,72.989,4,R&B
535,0.589,0.621,5,-6.902,0,0.0468,0.00969,0.00104,0.181,0.401,140.03,4,R&B
536,0.792,0.625,1,-5.609,1,0.0536,0.00776,0.00188,0.329,0.37,103.967,4,R&B
537,0.709,0.638,1,-4.3,1,0.0405,0.0649,0.0,0.0969,0.468,141.994,4,R&B
538,0.487,0.366,8,-9.405,0,0.0531,0.241,0.0,0.126,0.161,68.191,5,R&B
539,0.539,0.414,1,-9.156,0,0.0601,0.253,1.3e-06,0.143,0.123,94.895,4,R&B
540,0.509,0.637,4,-4.83,0,0.0471,0.0717,1.08e-05,0.0789,0.378,172.006,3,R&B
541,0.717,0.605,11,-5.68,0,0.075,0.214,0.0,0.138,0.387,81.047,4,R&B
542,0.733,0.408,7,-7.834,0,0.0388,0.679,3.92e-05,0.11,0.291,94.947,4,R&B
543,0.859,0.538,2,-5.207,1,0.0699,0.527,1.14e-06,0.137,0.333,98.031,4,R&B
